page_id	title
62162	"Agreeable Flower" Automatic Pet Food Feeder
2335	API
9579	API Options
58174	A Bright Fluorite Fright
60141	A Maze of Moss
59297	A Startling Starry Idea
10546	A Stern Talking-To
51064	A Tangled Yarn
60657	A Voyage of Cosmic Concentration
58736	A Whirl with a Wind-Up Warrior
3725	Absurd Party Hat
40035	Accessibility
5569	Achievement
2083	Achievements
25036	Acronyms
38127	Adapting HabitRPG for ADHD
38130	Adapting HabitRPG for Anxiety and Depression
38132	Adapting HabitRPG for Passive-Aggressive Behavior
32200	Adapting Habitica for ADHD
36246	Adapting Habitica for Anxiety and Depression
42978	Adapting Habitica for Autism
36995	Adapting Habitica for Passive-Aggressive Behavior
52860	Advanced Options
5305	Advanced Settings for Tasks
43414	Advanced Tips for Challenge Creators
35204	Alarm Clock : Friend or Foe?
2570	All-In-One HabitRPG
51467	Android Pomodoro Integration
49610	Android app
15356	Anki Extension
59643	Anti-Potions
2591	Antidotes: Overcoming Obstacles
59372	Antonbury's Habitica Bot
16353	App and Extension Integrations
9578	Application Programming Interface
11739	April Fool's Day 2014
55341	April Fool's Day 2019
55349	April Fools
55348	April Fools' Day
11731	April Fools' Day 2014
35911	April Fools' Day 2015
48077	April Fools' Day 2016
48120	April Fools' Day 2017
54820	April Fools' Day 2018
55340	April Fools' Day 2019
57838	April Fools' Day 2020
59788	April Fools' Day 2021
61947	April Fools' Day 2022
2102	Armor
32018	Art Credits
50743	Assembling the a'Voidant
50692	Assembling the aVoidant
52598	Athelinde's Dark Habitica Style
63392	Attack of the Mundane
63403	Attack of the Mundane, Part 1: Dish Disaster!
63404	Attack of the Mundane, Part 2: The SnackLess Monster
63405	Attack of the Mundane, Part 3: The Laundromancer
5466	Attribute point
5467	Attribute points
21449	Audio
5468	Auto-allocation
62984	Auto Accept Quests
63106	Auto Archive Chats
62870	Auto Archive Group Data
62988	Auto Bulk Remove Habitica Emails
62574	Auto Cast Buffs
62986	Auto Cast Party Buff Skills
62983	Auto Cron
62985	Auto Force-Start Quests
62575	Auto Heal
62987	Auto Schedule To-Do's with Google Calendar
62298	Automate Habitica
3455	Automatic Allocation
35616	Avatar
18627	Avatar Customizations
63428	Awesome Quest Manager
2795	Backers
17514	Backgrounds
27067	Backstab
59650	Bad Day Mode
3817	Bailey the Town Crier
52632	Ban
54825	Batch create sub-tasks
45153	Be-Wilder
60532	Beautify Habitica
26822	Beeminder
38156	Behavioral Science Behind HabitRPG
32691	Behavioral Science Behind Habitica
36417	Beyond the Classic Editor:Advanced Wiki Editing
39796	Blessing
44386	Bookmarklets
20781	Books that can help
3631	Boss
62965	Boss Healing and Reverse Blessing
3474	Bosses
8267	BountySource
9378	Bountysource
55755	Brazen Beetle Battle
27053	Brutal Smash
3379	Buff
63029	Buff Limiter
62981	Bulk Attack Quest Boss
62982	Bulk Buy Enchanted Armoire
49879	Bulk Feed Pets Tool
3075	Burnout
39558	Burnout and the Exhaust Spirits
27057	Burst of Flames
48295	Bye, Bye, Butterfry
3423	CON
6536	Cake
63015	Calm the Corrupted Cupid
44306	Candy
38508	Cards
42757	Category Index
3303	Challenge
50581	Challenge Categories
43442	Challenge Creation and Completion
49396	Challenge Data Tool
45133	Challenge Data Wrangler
59699	Challenge from CSV
2152	Challenges
40692	Challenging Quests for Experienced Habiticans
40706	Challenging Quests for Experienced Habiticians
62991	Change Costume, Background, Pet, and Mount
62992	Change Equipment
57906	Character Attributes
3401	Character Stats
10252	Characters in Habitica
14386	Chat
54854	Chat Extension
35732	Cheating
3690	Checklist
5202	Checklists
37247	Children Using Habitica
27060	Chilling Frost
3279	Chocolate
35203	Chrome Chat Extension
15353	Chrome Extension
35072	Chron
50693	City in the Sands
4715	Class
3340	Class System
57851	Class system
43043	Classes
54663	Click Through Task Notifications Style
3364	Collection Quests
3178	Community
52649	Community Guidelines
5209	Community Site
55602	Condense Habitica chat
3404	Constitution
38153	Contributing to HabitRPG
2243	Contributing to Habitica
2673	Contributor Rewards
35256	Contributor Titles
40442	Convincing the Unicorn Queen
47715	Corporate Plans
6118	Cosplay
34692	Costume Carnival
55728	Costume Carnival Challenges
62788	Costume Carnival Challenges/2016
62804	Costume Carnival Challenges/2017
3584	Costumes
63318	Counting Tasks
37140	Coupon
33797	Crafts and Artwork
50327	Creating & Editing Whats New Pages
33828	Creating a Unique Experience
37963	Creatures of the Crevasse
16944	Crit
7750	Critical Hammer of Bug-Crushing
3452	Critical Hit
25984	Critical Warhammer of Bug-Crushing
3476	Critical hit
3470	Critical hits
3605	Cron
56295	Cron Helper
59649	Cross-Class Skills
59648	Cross-Class Stat Buffs
3295	Culture
36009	Custom Day Start
15620	Custom styles/themes
2072	Dailies
27086	Daily
46174	Daily Check-In Incentives
49816	Damage
5023	Damage to Player
53311	Danger in the Depths: Sea Serpent Strike!
59582	Dark Habitica Linguists Commonwealth Theme (Weblate)
59335	Dark Habitica Wiki
15375	Data Display Tool
43616	Data Display Tool White on Black
3103	Data Export
3280	Dead Fish
3056	Death
5186	Death Mechanics
2672	Death and dying
63176	December 2022 moderator strike
50472	DeepDark Habitica
27054	Defensive Stance
18961	Derby Day
55264	DialogOS
55236	Diatica
17400	Difficulty
63394	Dilatory Distress
63409	Dilatory Distress, Part 1: Message in a Bottle
63410	Dilatory Distress, Part 2: Creatures of the Crevasse
63411	Dilatory Distress, Part 3: Not a Mere Maid
58622	Discord Bot
21218	Dish Disaster!
11265	Do Your Hardest Task(s) First
2602	Do Your Hardest Task First
3430	Drop
3150	Drops
62172	Dueling Script
46927	Earthen Enemies
27059	Earthquake
40645	Easy Starter Quests for Beginners
59646	Editable Fix Character Values Buttons
12227	Egg Hunt
2191	Eggs
28929	Elixir
63063	Elvira teste Habitica
44841	Emacs Extension for Habitica
9364	Emoji
37336	Enchanted Armoire
6357	Enterprise Edition
3066	Enterprise Editions
62989	Equip Random Pet and Mount
3413	Equipment
9462	Equipment Table
23672	Equipment from Past Events
34888	Escape the Cave Creature
8374	Establishing Your Goals
2572	Establishing Your Tasks
27058	Ethereal Surge
58358	Event-Driven (Webhook) Scripts Setup Guide
58359	Event-Driven (Webhook) Scripts Setup Instructions
39755	Event Item Sequences
3365	Exp
3069	Experience
19866	Experience Level Chart
2077	Experience Points
9997	Experience Points (XP)
59642	Experience Potion and Mana Potion
2899	Extensions
44392	Extensions, Add-Ons, and Customizations
2106	FAQ
23584	Fall Festival
62993	Faster Auto Accept Quests and Auto Notify on Quest End
2567	Feature Tracker
39856	Features Across Clients
43359	Final Data VII
55201	Find a Party
3646	Find the Cub
6805	Find the Lair of the Wyrm
46336	Find the Mysterious Shards
45611	Finding the Flourishing Fairies
15354	Firefox Extension
5651	Fish
44397	FitBit and Habitica
36177	Fix Character Values
3421	Food
45083	Food Preferences
3695	Fortify Potion
4292	Forum
6643	Free Yourself of the Dragon's Influence
5201	GP
38160	GTD HabitRPG
2568	GTD with Habitica
61571	GUS Classifications
27730	Gamification
2610	Gamifying Your Lists
3473	Gear
2087	Gems
21665	Getting Started
14703	Ghost Stag
15359	GitHabit - GitHub Webhooks
3341	GitHub
45118	GitHub Integration
44682	GitHub Labels
45119	GitHub Score Task Integration
50036	Github RPG
2065	Glossary
8193	Goal Value
3115	Gold
2079	Gold Coins
27386	Gold Knight
2217	Gold Points
9995	Gold Points (GP)
2149	Gold points (GP)
51996	Google Apps Script
58994	Google Apps Script API Function Library
62078	Google Tasks Sync
37566	Grand Gala
29724	Grand Gala (Winter 2014 Event)
29684	Grand Galas
3112	Group Plans
42999	Groups
36212	Guidance For Linguistic Scribes
2988	Guidance for Artisans
2991	Guidance for Bards
2800	Guidance for Blacksmiths
54318	Guidance for Comrades
2989	Guidance for Contributors
58869	Guidance for Fletchers: Android
58870	Guidance for Fletchers: iOS
36211	Guidance for Linguistic Scribes
3256	Guidance for Linguists
18222	Guidance for Pixelists
3222	Guidance for Scribes
41119	Guidance for Socialites
47533	Guidance for Storytellers
44095	Guide the Turtle
55942	GuildBot
41147	Guild Creation and Maintenance Tips
63105	Guild and Challenge Categories
2225	Guilds
14915	Guilds Guide
61529	Guilds Guide of Non-English Guilds
5025	HP
44194	Habash
4828	Habit
54274	HabitCalendar
20045	HabitRPG-CLI (Windows)
15373	HabitRPG-CLI - Windows
43874	HabitRPGApplet
43894	HabitRPGApplet 1.0
17798	HabitRPG .NET Simple Client
28913	HabitRPG Alternate Sites
38162	HabitRPG Alternative Sites
15370	HabitRPG Android client
38164	HabitRPG Birthday Bash
38206	HabitRPG Blog
20044	HabitRPG CLI Client(using PHP)
16218	HabitRPG CLI Client - PHP
36543	HabitRPG Calendar
39298	HabitRPG Interactive
15372	HabitRPG Java Client
25322	HabitRPG Metro
15369	HabitRPG Mobile
38166	HabitRPG Outage Instructions
38167	HabitRPG Pixel Art
35739	HabitRPG Promotional Video
38187	HabitRPG Quests Trello
44612	HabitRPG SitePass
38174	HabitRPG Trivia Questions
17127	HabitRPG Unofficial User Data Display
38129	HabitRPG User Data Display
38147	HabitRPG Wiki
53488	Habit History Connector
38745	HabitiFit
15484	Habitica
62964	Habitica-Telecron
45011	Habitica-Todo
61050	Habitica-autoheal
56874	HabiticaMagicJS
59664	Habitica Add Task (Chrome Extension)
52588	Habitica All-Yellow Tasks
28878	Habitica Alternative Sites
57526	Habitica Api-Helper Tool
7809	Habitica Birthday Bash
38205	Habitica Blog
54674	Habitica Compact "My Guilds" List
52590	Habitica Compact Light Header
52579	Habitica Condense Chats
46361	Habitica Dark Theme
57905	Habitica Decluttered Stable
64054	Habitica Equipment Tracker
63305	Habitica GAS Template
63332	Habitica GAS Template: Illustrated Installation Guide
59371	Habitica Helper
55141	Habitica Highly Customizable Navbar
41316	Habitica History
39683	Habitica History 2013-2014
41315	Habitica History 2015-2016
61051	Habitica Language Randomizer
45382	Habitica Launcher (Chrome Extension)
55160	Habitica Lite + Email
43698	Habitica Loading Page Tips
49075	Habitica Magic Wand
38194	Habitica Naming Day
8213	Habitica Pixel Art Trello Board
2569	Habitica Planner
55873	Habitica Pomodoro SiteKeeper
14837	Habitica Quests Trello Board
51403	Habitica Redesign: Known Bugs
50360	Habitica Redesign Fact Sheet
31931	Habitica SitePass
59752	Habitica Stayin Alive Script
58919	Habitica System Messages Cleaner Extension
55383	Habitica Tags: Level Up
61489	Habitica Time Machine
48837	Habitica To-Do Action for IFTTT
54569	Habitica To-Do action for IFTTT
60505	Habitica Tracker
59576	Habitica WCAG AAA Contrast
62324	Habitica Watch App
56806	Habitica Webhook Editor
1461	Habitica Wiki
47297	Habitica Wiki in Other Languages
57932	Habitica utilities
53636	Habitican Curse
58483	Habitican Randomizer
35055	Habitican Shared Task Lists
51570	Habitican Wardrobes
49935	Habitipy Command-line Tool and API Client
20046	Habitrpg-java-client
2071	Habits
33858	Habitversary Party
3857	Hall
5184	Hall of Heroes
41792	Halls of Habitica
2176	Hatching Potions
5283	Header
62969	Heal Boss and Damage Party
3442	Healer
3620	Healer Skills
39793	Healing Light
3114	Health
2078	Health Points
9999	Health Points (HP)
2104	Health Potions
2081	Health points (HP)
22860	Help
21453	Help! Harpy!
38471	Help, I'm lost
52666	Hide Habitica Columns
52593	Hide Habitica Header
44145	Hide Reward Items
58440	Hide System Messages in Party on Habitica
52644	Hide Task Options
59373	Hmyr's Habitica Tasks Page style
46780	Home Assistant Integration
3283	Honey
60557	Hopla
36011	Hostile Flower Takeover of Joy and Doom
60906	How to Report a Bug
15358	Hrpg Command Line
3425	INT
51492	IOS Beta
49647	IOS app
46935	Icicle Drake Quake
48460	In Which Mistiflying Experiences a Dreadful Bother
48467	In Which a Mailman is Extremely Rude
48466	In Which the Wind Worsens
45867	Inbox Display & Export Tool
2205	Index
49307	Infestation of the NowDo Nudibranchs
54345	Inn
2091	Inn, The
58637	Integromat
3412	Intelligence
27056	Intimidating Gaze
2123	Inventory
51057	Inventory Items
24222	Item Availability
3414	Item Inventory
45612	Jacko of the Lantern
26035	Jean Chalard's Noble Tunic
41993	Join Challenge Form
53597	Kangaroo Catastrophe
24738	Keeping Parties Motivated
24258	Key to the Kennels
3861	Kickstarter
31524	King of the Dinosaurs
50386	Known Bugs
20134	Large Print Habit
62610	Launch Quests With Link
20133	Legendary Equipment
3456	Level
3067	Level-Up
62868	List Quest Invites
48641	List of Quests - Types, Availability, and Rewards
43686	Loading Page Tips
46998	Login Problems
59645	Low Constitution Mode
63399	Lunar Battle
63425	Lunar Battle, Part 1: Find the Mysterious Shards
63426	Lunar Battle, Part 2: Stop the Overshadowing Stress
63427	Lunar Battle, Part 3: The Monstrous Moon
56888	MMM-HabiticaStats
5026	MP
3439	Mage
3618	Mage Skills
2058	Main Page
3393	Mana
3347	Mana Points
10002	Mana Points (MP)
2992	Markdown Cheat Sheet
56544	Markdown Use Case Spotlights
2342	Market
49016	Masterclassers
63397	Mayhem in Mistiflying
63418	Mayhem in Mistiflying, Part 1: In Which Mistiflying Experiences a Dreadful Bother
63419	Mayhem in Mistiflying, Part 2: In Which the Wind Worsens
63420	Mayhem in Mistiflying, Part 3: In Which a Mailman is Extremely Rude
3275	Meat
40878	Medium Difficulty Quests
40016	Merchandise by Habitica
15368	Merfy's HabitRPG: Custom Compact Edition
16477	Merfy's HabitRPG III
16911	Merfy's Rogue guide
37962	Message in a Bottle
10699	Mighty Bunny
62605	Mike the monk superscript
3276	Milk
15972	Minor Characters
41078	Mobile
40438	Mobile App for Android: Habitica
38674	Mobile App for iOS: Habitica
51488	Mobile Beta Test App for iOS: Habitica
18479	Moderators
41365	Monstrous Mandrill and the Mischief Monkeys
28930	Mount
30094	Mount Fade Out Extension
2730	Mounts
48126	Multi PM - Workflow Extension
15365	Munin Plugins
13304	Mustaine's Milestone Mashing Morningstar
56357	Mysterious Mechanical Marvels!
28841	Mysterious Time Travelers
7751	Mystery Item
28860	Mystic Hourglass
3180	NPC
3320	NPCs
21266	Nameless Helm
60312	Naming Day
8308	Naming Your Goals
2606	Naming Your Tasks
44190	Navigation Bar
2414	Newly changed articles
19811	News
60559	NodeRED Wekan to Habitica To Do's
37967	Not a Mere Maid
56189	NotificaBot
16622	Notifications
63319	Notify Quest Latecomers
8492	Obstacles
43667	Official Habitica Challenge Series
43666	Official Habitica Challenges
2703	Old Mobile Apps
36792	OmniRPG
3698	Orb of Rebirth
15360	Org-Mode
35020	Outage Instructions
2596	Outsmarting the Snake Oil Salesmen: Pretense and Procrastination
3424	PER
15364	PHP API
15374	PHP Character Widget
60558	POSH.sh - Pomodoro Offline Support for Habitica
59651	Partial Healing
36275	Parties
2150	Party
46441	Party/Guild Data Tool
46440	Party & Guild Data Tool
51807	Party Progress Info
63018	Party Progress Info Link
62503	Party chat react
6359	Password
38734	Pebble Watch App: Habitica Tasks
3415	Perception
2605	Perfect Day
28924	Pet
2120	Pets
7123	Pets/doc
39959	Phobia Protection Extension
55185	Pi Day
27066	Pickpocket
3282	Pink Cotton Candy
22711	Places in Habitica
39654	PlanHW
36191	Play to Win, Not Pay to Win
54142	Player Names
5985	Player Tier
3410	Point
34556	Pomodoro
48655	Post Installation troubleshooting
3277	Potato
28928	Potion
2175	Potions
29130	Press
62577	Print Quest Info
53799	Private Messages
28389	Private Messaging
53235	Productive Game 2 - Trees
26079	Productivity Poetry
14450	Profile
62451	Profile Dailies Progress Bar
13926	Promo Code
39795	Protective Aura
45013	Push Todos with Duedates To Top Script
45012	Push Todos with Duedates to Top Script
40215	Quest Lines
62899	Quest Queue
8223	Quest Scroll
50835	Quest Shop
62587	Quest Tracker
40418	Quest lines
3363	Quest system
3362	Quests
50843	Quests Shop
59364	Quests with Rage Effects
18180	QuickToDo
63864	Raccoon Tycoon
53630	Rage
50887	Rage Bar
50691	Read Between the Lines
5022	Rebirth
63393	Recidivate
63406	Recidivate, Part 1: The Moonstone Chain
63407	Recidivate, Part 2: Recidivate the Necromancer
63408	Recidivate, Part 3: Recidivate Transformed
26033	Recidivate Transformed
26032	Recidivate the Necromancer
26039	Recividate Transformed
15355	Remember the Milk Sync
44234	Remove Group Damage Notifications
62977	Reschedule Tasks
61460	Reset Account
36189	Rest in the Inn
47484	Reverse To-Dos Color Theme
2070	Rewards
2195	Rewards and Bonuses
38884	Ride the Night-Mare
3446	Rogue
3615	Rogue Skills
23080	Rooster Rampage
3281	Rotten Meat
2604	Routines
57502	Ruby Rapport
59729	Rules for Editing this Wiki
60662	Rules for External Chat Services
44391	Running a Challenge
34805	SMART Goal Setting
3422	STR
4967	Saddle
2614	Sample Custom Rewards
2612	Sample Dailies
2611	Sample Habits
2617	Sample Lists
4012	Sample Rewards
2615	Sample Tags
58171	Sample To-Dos
12982	Sample To Do's
33897	Script Credits
58447	Scripts Troubleshooting
39794	Searing Brightness
29680	Seasonal Shop
46931	Seek the Icicle Caverns
6606	Self-Imposed Challenges
62581	Set Self-Buffs
38176	Setting up HabitRPG Locally
37618	Setting up HabitRPG locally
2694	Setting up Habitica Locally
52744	Setting up Habitica Locally on Docker
52711	Setting up Habitica Locally on Linux
52712	Setting up Habitica Locally on MacOS
52695	Setting up Habitica Locally on Windows
56787	Setting up Habitica Locally using Docker
2085	Settings
45129	Setup Tasks
50604	Shops
52597	Shrink Your Habitica Tasks
2214	Silver Coins
52613	Simple View Hide the Gamification
62990	Simulate Poison Damage
2933	Sites that can help
3343	Skills
45093	Slack Chat Integration
3775	Snowball
61530	Socialites Markdown List for Non-English Guilds
3448	Spells
25546	Spider Squisher Extension
10697	Spring Fling
2122	Stable
4083	Staff
25218	Start Over Options
3450	Statistics
3405	Stats
27070	Stealth
10793	Stephen Weber's Shaft of the Dragon
51775	Stop Badgering Me!
46337	Stop the Overshadowing Stress
63396	Stoïkalm Calamity
63415	Stoïkalm Calamity, Part 1: Earthen Enemies
63416	Stoïkalm Calamity, Part 2: Seek the Icicle Caverns
63417	Stoïkalm Calamity, Part 3: Icicle Drake Quake
59654	Strategitica
3278	Strawberry
3420	Streak bonus
2096	Streaks
58365	Streamlined Event-Driven (Webhook) Script Template
3397	Strength
2075	Submitting Bugs
18175	Subscriber Item
5665	Subscription
38588	Such a Cheetah
17939	Summer Splash
39724	Swamp of the Clutter Frog
59644	Swap HP or XP for MP
16591	Sync
21174	Sync Errors
54018	THE MYSTERY TRAIN. Chief Puzzlers Archive
2266	Table of Available Armor
3587	Table of Available Weapons
2264	Table of Hatchable Pets
2110	Tags
55192	Tags Always Visible
12054	TalesFeed
3177	Tales of Uncommon Valor
3192	Tales of Uncommon Valour
31957	Tarnished Gold
27087	Task
43136	Task Adjustor
57912	Task Attributes
8146	Task Difficulty
40804	Task History Compression
18461	Task List FAQ
63042	Task Management Scripts
15400	Task Stats
58173	Task Type Choice: Habit, Daily, or To-Do
40693	Task Type Choice: Habit, Daily, or To Do
40734	Task Types: Habits versus Dailies versus To-Dos
4772	Task Value
16904	Task value
29525	Tasker-habitrpg
13822	Tasks
53566	Tasks-habitica
2088	Tavern
3045	Tavern Titles
63148	Tavern and Guild Service Discontinuation FAQ
63128	Tavern and Guild Shutdown FAQ
63395	Terror in the Taskwoods
63412	Terror in the Taskwoods, Part 1: The Blaze in the Taskwoods
63413	Terror in the Taskwoods, Part 2: Finding the Flourishing Fairies
63414	Terror in the Taskwoods, Part 3: Jacko of the Lantern
20774	The 7 Habits of Highly Effective People
30934	The Abominable Stressbeast of the Stoïkalm Steppes
57057	The Amber Alliance
27475	The Basi-List
42271	The Be-Wilder
42942	The Birds of Preycrastination
45606	The Blaze in the Taskwoods
45483	The CRITICAL BUG
17282	The Call of Octothulu
63674	The Chaotic Chameleon
45574	The Critical Bug
18909	The Dilatory Derby
31533	The Dinosaur Unearthed
55958	The Dolphin of Doubt
19415	The Dread Drag
18510	The Dread Drag'on of Dilatory
51847	The Dysheartener
61608	The Elite Habiticans Guild
46317	The Feral Dust Bunnies
63715	The Fiddling Crab
5739	The Fiery Gryphon
29222	The Fowl Frost
63623	The Gear-affe
63390	The Golden Knight
63387	The Golden Knight, Part 1: A Stern Talking-To
63388	The Golden Knight, Part 2: Gold Knight
63389	The Golden Knight, Part 3: The Iron Knight
47400	The Guinea Pig Gang
38138	The HabitRPG Planner
8545	The Habit Loop
9011	The Hedgebeast
25354	The Icy Arachnid
44641	The Indulgent Armadillo
2090	The Inn
54032	The Insta-Gator
27388	The Iron Knight
36355	The Jelly Regent
37158	The Keep
35585	The Killer Bunny
37529	The Kraken of Inkomplete
21222	The Laundromancer
50694	The Lost Masterclasser
43703	The Magical Axolotl
46338	The Monstrous Moon
63632	The Moody Mushroom
26031	The Moonstone Chain
45044	The Mootant Cow
52884	The Mystery Train
63398	The Mystery of the Masterclassers
63421	The Mystery of the Masterclassers, Part 1: Read Between the Lines
63422	The Mystery of the Masterclassers, Part 2: Assembling the a'Voidant
63423	The Mystery of the Masterclassers, Part 3: City in the Sands
63424	The Mystery of the Masterclassers, Part 4: The Lost Masterclasser
45915	The Nefarious Ferret
27979	The Night-Owl
61002	The Onyx Odyssey
41631	The Perfect Day
51547	The Pterror-dactyl
47733	The Push-and-Pull Peacock
15745	The Rat King
40885	The Sabre Cat
39987	The Serpent of Distraction
56252	The Silver Solution
21220	The SnackLess Monster
41916	The Snail of Drudgery Sludge
52568	The Sneaky Squirrel
46442	The Somnolent Sloth
10447	The Spirit of Spring
43383	The Tangle Tree
37074	The Thunder Ram
46829	The Trampling Triceratops
54788	The Veloci-Rapper
51176	Things-bitica
45340	Tips
27071	To-Do
55133	To-Do Overs
58169	To-Dos
3653	To-dos
59267	To Do
2076	To Do's
63276	Todoist Habitica Sync
24595	Todoist Sync
61625	Todoist Task Redeemer
3464	Todos
36674	Toggl
5230	Tokens
8459	Toolbar
27068	Tools of the Trade
59647	Transform Yourself Year-Round
39644	Transformation Items
3611	Trapper Santa
55062	Trello-Habitica
45911	Trello Feature Trackers
4058	Trick or Treat
63986	Triple Dog Dare!
26506	Trivia Questions
4059	Turkey Day
58979	Turquoise Treasure Toil
15267	Tyler
15357	Ugo Landini's Pomodoro
41530	Ultra Compact Animated Style
10496	Unconventional Armor
5200	Unlockable feature
63282	Unofficial Data Display Tool
21164	Unscroll Habitica Chat Messages
42852	Unspool HabitRPG Chat Messages
35193	Use That Snooze
35867	Use That snooze
35205	Use that snooze
38451	Useful Places for Newbies
2119	User
3249	UserID
54146	Usernames
48656	Using Habitica Git
48230	Using Habitica for Schoolwork
47445	Using Your Local Install to Modify Habitica's Website and API
8088	Valentine Card
27055	Valorous Presence
63391	Vice
63400	Vice, Part 1: Free Yourself of the Dragon's Influence
63401	Vice, Part 2: Find the Lair of the Wyrm
63402	Vice, Part 3: Vice Awakens
6806	Vice Awakens
61976	Virtual Mayhem with the April Fool: The Beepening
57872	Waffling with the Fool: Disaster Breakfast!
37839	Wail of the Whale
3445	Warrior
62995	Warrior, Mage, Healer, Rogue Subclasses
4657	Warrior Armor
4658	Warrior Headgear
4659	Warrior Shields
3619	Warrior Skills
62994	Warrior Subclasses
4662	Warrior Weapons
4661	Warrior Yeti
62329	Watch App
3070	Weapon
2103	Weapons
57821	Webhook processing with Google Apps Script
54104	Webhooks
60572	Webhooks with Serverless Functions on Cloudflare Workers
15371	Webservice::HabitRPG - Perl API
10080	Weekly Status Report
56490	Werewolf Equipper
49973	What a Hippo-Crite
38140	What is HabitRPG?
27476	What is Habitica?
40203	Whats New
30425	Whats New 2013
30320	Whats New 2014
30324	Whats New 2015
40811	Whats New 2016
46703	Whats New 2017
51452	Whats New 2018
54687	Whats New 2019
57295	Whats New 2020
59476	Whats New 2021
61455	Whats New 2022
62836	Whats New 2023
63362	Whats New 2024
64116	Whats New 2025
52424	Whats New fr 2013
52906	Whats New fr 2014
52907	Whats New fr 2015
62838	Whats New it 2021
52397	Whats New ru 2014
52953	Whats New zh 2018
30347	Whats new
5610	Whats new de
30415	Whats new de 2013
30311	Whats new de 2014
30312	Whats new de 2015
40864	Whats new de 2016
46758	Whats new de 2017
51632	Whats new de 2018
54737	Whats new de 2019
57310	Whats new de 2020
59475	Whats new de 2021
61456	Whats new de 2022
53274	Whats new el
53197	Whats new el 2018
60083	Whats new es
19796	Whats new es 2014
31124	Whats new es 2015
46636	Whats new es 2016
46717	Whats new es 2017
55222	Whats new es 2019
60048	Whats new es 2020
60051	Whats new es 2021
55216	Whats new esp 2014
55217	Whats new esp 2015
55218	Whats new esp 2016
55219	Whats new esp 2017
46766	Whats new fr
44073	Whats new fr 2013
43975	Whats new fr 2014
44072	Whats new fr 2015
24637	Whats new fr 2016
46789	Whats new fr 2017
51590	Whats new fr 2018
54864	Whats new fr 2019
57403	Whats new fr 2020
59512	Whats new fr 2021
62954	Whats new fr 2023
53551	Whats new hr
56325	Whats new hr 2016
54418	Whats new hr 2017
53498	Whats new hr 2018
54697	Whats new hr 2019
57291	Whats new hr 2020
50339	Whats new it
8381	Whats new it 2014
50590	Whats new it 2017
55186	Whats new it 2018
55134	Whats new it 2019
57330	Whats new it 2020
62377	Whats new it 2021
61966	Whats new it 2022
62837	Whats new it 2023
46915	Whats new ja
46190	Whats new ja 2016
46914	Whats new ja 2017
51456	Whats new ja 2018
54856	Whats new ja 2019
58168	Whats new ja 2020
62332	Whats new ja 2022
63017	Whats new ja 2023
63275	Whats new ja 2024
59334	Whats new ko 2020
59491	Whats new ko 2021
50340	Whats new nl
44396	Whats new nl 2016
50065	Whats new pl
49865	Whats new pl 2017
56171	Whats new pl 2019
57307	Whats new pl 2020
60814	Whats new pl 2021
61495	Whats new pl 2022
62840	Whats new pl 2023
44167	Whats new pt
50783	Whats new pt-br 2017
8327	Whats new pt 2014
50840	Whats new pt 2016
50782	Whats new pt 2017
53962	Whats new pt 2018
62424	Whats new pt 2019
58140	Whats new pt 2020
59495	Whats new pt 2021
61498	Whats new pt 2022
37363	Whats new ru
36650	Whats new ru 2014
13935	Whats new ru 2015
46348	Whats new ru 2016
47251	Whats new ru 2017
54484	Whats new ru 2018
54694	Whats new ru 2019
57435	Whats new ru 2020
59594	Whats new ru 2021
50611	Whats new sv
50576	Whats new sv 2017
55815	Whats new sv 2019
57308	Whats new sv 2020
59907	Whats new sv 2021
59658	Whats new uk 2021
53607	Whats new vi 2018
56191	Whats new vi 2019
50341	Whats new zh
37369	Whats new zh 2017
51454	Whats new zh 2018
54707	Whats new zh 2019
57468	Whats new zh 2020
59489	Whats new zh 2021
61457	Whats new zh 2022
62865	Whats new zh 2023
64109	Whats new zh 2024
15813	Who's Who
3761	Why might I want to be a Wizard?
35307	WikiFAQ bot
3793	Winter Wonderland
3763	Wizard
3433	Wizard Spells
40397	Wordpress Plugin
39600	World Bosses
3788	World event
4957	World events
40741	WunderHabit - Wunderlist Extension
3068	XP
44675	Zapier
59510	标签总是可见
